questionName,variableName,questionType,subType,questionText,choiceValue,choiceText,include_database,include_report,stratified,short_name,Sidsel,question_group,converted_binary,question_number,question_integer,sort_order
s_1,s_1_1,Closed,Multiple,1. Hvilken af følgende hjertesygdomme fik du diagnosticeret i 2018?  Sæt evt. flere kryds,2,Åreforsnævring i hjertet,1,1,0,Åreforsnævring,1,,NA,1.,1,1
s_1,s_1_2,Closed,Multiple,1. Hvilken af følgende hjertesygdomme fik du diagnosticeret i 2018?  Sæt evt. flere kryds,3,Hjertesvigt,1,1,0,Hjertesvigt,1,,NA,1.,1,2
s_1,s_1_3,Closed,Multiple,1. Hvilken af følgende hjertesygdomme fik du diagnosticeret i 2018?  Sæt evt. flere kryds,4,Atrieflimren/-flagren,1,1,0,Atrieflimren,1,,NA,1.,1,3
s_1,s_1_4,Closed,Multiple,1. Hvilken af følgende hjertesygdomme fik du diagnosticeret i 2018?  Sæt evt. flere kryds,5,Hjerteklapsygdom,1,1,0,Hjerteklapsygdom,1,,NA,1.,1,4
s_1,s_1_5,Closed,Multiple,1. Hvilken af følgende hjertesygdomme fik du diagnosticeret i 2018?  Sæt evt. flere kryds,6,Anden hjertesygdom,1,1,0,Anden,1,,NA,1.,1,5
s_1,s_1_6,Closed,Multiple,1. Hvilken af følgende hjertesygdomme fik du diagnosticeret i 2018?  Sæt evt. flere kryds,7,Jeg har ikke fået en hjertesygdom i 2018,1,1,0,,1,,NA,1.,1,6
s_2,s_2,Open,String,"1. Hvilken af følgende hjertesygdomme fik du diagnosticeret i 2018?  Sæt evt. flere kryds - Anden hjertesygdom, hvilken?",NA,,1,0,0,,1,,NA,1.,1,7
s_7,s_7,Closed,Single,"2. Fik du oplysninger på en kontaktperson på de sygehusafdelinger, som du var i kontakt med? Hvis du kun var i kontakt med én afdeling, kryds da af i \\Ja, på alle afdelinger\\",NA,,1,1,1,,1,,NA,2.,2,8
s_9,s_9,Closed,Single,3. Var du tryg ved at komme hjem fra sygehuset efter (din første) indlæggelse for din hjertesygdom i 2018?,NA,,1,1,1,,0,,NA,3.,3,9
s_10,s_10,Closed,Single,4. Har du på nuværende tidspunkt helt afsluttet din kontakt til sygehuset?  Med 'kontakt til sygehuset' tænkes både på indlæggelse og ambulant behandling (inkl. kontrol) i forbindelse med din hjertesygdom.,NA,,1,0,0,,0,,NA,4.,4,10
s_11,s_11,Closed,Single,4.1 Var du tryg ved at afslutte din ambulante kontakt til sygehuset?  Med 'ambulant kontakt' menes både ambulant behandling og kontrol.,NA,,1,0,0,,0,,NA,4.1,4,11
s_12,s_12,Closed,Single,"4.2 Vidste du, hvad der skulle ske i dit videre forløb, da du afsluttede din kontakt til sygehuset? F.eks. om du skulle kontakte egen længe, om du ville få indkaldelse fra kommunen osv.",NA,,1,0,0,,0,,NA,4.2,4,12
s_227,s_227,Closed,Single,"5. Oplevede du, at der hele tiden var en sygeplejerske på sygehuset, som havde overblik over udredning eller behandling af din hjertesygdom",NA,,1,1,1,,0,,NA,5.,5,13
s_17,s_17_1,Closed,Multiple,"6. Har du, eller har du haft, én eller flere af følgende længerevarende sygdomme samtidig med din hjertesygdom?  Sæt gerne flere kryds",1,Astma,1,1,0,,1,,NA,6.,6,14
s_17,s_17_2,Closed,Multiple,"6. Har du, eller har du haft, én eller flere af følgende længerevarende sygdomme samtidig med din hjertesygdom?  Sæt gerne flere kryds",2,Allergi (ikke astma),1,1,0,,1,,NA,6.,6,15
s_17,s_17_3,Closed,Multiple,"6. Har du, eller har du haft, én eller flere af følgende længerevarende sygdomme samtidig med din hjertesygdom?  Sæt gerne flere kryds",3,Sukkersyge (diabetes),1,1,0,,1,,NA,6.,6,16
s_17,s_17_4,Closed,Multiple,"6. Har du, eller har du haft, én eller flere af følgende længerevarende sygdomme samtidig med din hjertesygdom?  Sæt gerne flere kryds",4,Forhøjet blodtryk,1,1,0,,1,,NA,6.,6,17
s_17,s_17_5,Closed,Multiple,"6. Har du, eller har du haft, én eller flere af følgende længerevarende sygdomme samtidig med din hjertesygdom?  Sæt gerne flere kryds",5,"Hjerneblødning, blodprop i hjernen",1,1,0,,1,,NA,6.,6,18
s_17,s_17_6,Closed,Multiple,"6. Har du, eller har du haft, én eller flere af følgende længerevarende sygdomme samtidig med din hjertesygdom?  Sæt gerne flere kryds",6,"Kronisk bronkitis, for store lunger, rygerlunger (emfysem, KOL)",1,1,0,,1,,NA,6.,6,19
s_17,s_17_7,Closed,Multiple,"6. Har du, eller har du haft, én eller flere af følgende længerevarende sygdomme samtidig med din hjertesygdom?  Sæt gerne flere kryds",7,Slidgigt,1,1,0,,1,,NA,6.,6,20
s_17,s_17_8,Closed,Multiple,"6. Har du, eller har du haft, én eller flere af følgende længerevarende sygdomme samtidig med din hjertesygdom?  Sæt gerne flere kryds",8,Leddegigt,1,1,0,,1,,NA,6.,6,21
s_17,s_17_9,Closed,Multiple,"6. Har du, eller har du haft, én eller flere af følgende længerevarende sygdomme samtidig med din hjertesygdom?  Sæt gerne flere kryds",9,Knogleskørhed (Osteoporose),1,1,0,,1,,NA,6.,6,22
s_17,s_17_10,Closed,Multiple,"6. Har du, eller har du haft, én eller flere af følgende længerevarende sygdomme samtidig med din hjertesygdom?  Sæt gerne flere kryds",10,Kræft,1,1,0,,1,,NA,6.,6,23
s_17,s_17_11,Closed,Multiple,"6. Har du, eller har du haft, én eller flere af følgende længerevarende sygdomme samtidig med din hjertesygdom?  Sæt gerne flere kryds",11,Migræne eller hyppig hovedpine,1,1,0,,1,,NA,6.,6,24
s_17,s_17_12,Closed,Multiple,"6. Har du, eller har du haft, én eller flere af følgende længerevarende sygdomme samtidig med din hjertesygdom?  Sæt gerne flere kryds",12,Angst,1,1,0,,1,,NA,6.,6,25
s_17,s_17_13,Closed,Multiple,"6. Har du, eller har du haft, én eller flere af følgende længerevarende sygdomme samtidig med din hjertesygdom?  Sæt gerne flere kryds",13,Depression,1,1,0,,1,,NA,6.,6,26
s_17,s_17_14,Closed,Multiple,"6. Har du, eller har du haft, én eller flere af følgende længerevarende sygdomme samtidig med din hjertesygdom?  Sæt gerne flere kryds",14,Diskusprolaps eller andre rygsygdomme,1,1,0,,1,,NA,6.,6,27
s_17,s_17_15,Closed,Multiple,"6. Har du, eller har du haft, én eller flere af følgende længerevarende sygdomme samtidig med din hjertesygdom?  Sæt gerne flere kryds",15,Anden længerevarende sygdom:,1,1,0,,1,,NA,6.,6,28
s_17,s_17_16,Closed,Multiple,"6. Har du, eller har du haft, én eller flere af følgende længerevarende sygdomme samtidig med din hjertesygdom?  Sæt gerne flere kryds",16,Jeg har ikke haft andre længerevarende sygdomme,1,1,0,,1,,NA,6.,6,29
s_228,s_228,Open,String,"6. Har du, eller har du haft, én eller flere af følgende længerevarende sygdomme samtidig med din hjertesygdom?  Sæt gerne flere kryds - Anden længerevarende sygdom:",NA,,1,0,0,,1,,NA,6.,6,30
s_18,s_18,Closed,Single,"6.1. Tog man på sygehuset hensyn til dine andre sygdomme i forbindelse med, at du blev behandlet for din hjertesygdom?",NA,,1,0,0,,0,,NA,6.1.,6,31
s_162,s_162,Closed,Single,"7. Spurgte sundhedspersonalet ind til dine egne erfaringer med din sygdom/tilstand? 'Erfaringer med din sygdom' kan f.eks. være symptomer, tegn eller konsekvenser.",NA,,1,1,1,,0,,NA,7.,7,32
s_164,s_164,Closed,Single,"8. Var du med på råd, når der blev truffet beslutninger om det, der skulle ske? Det kunne f.eks. være, når der skulles tages beslutninger om undersøgelser, behandling, udskrivelse/afslutning m.m.",NA,,1,0,0,,0,,NA,8.,8,33
s_165,s_165,Closed,Single,"9. Var der overensstemmelse mellem det, du fik at vide af forskellige sundhedspersoner?",NA,,1,0,0,,0,,NA,9.,9,34
s_166,s_166,Closed,Single,"10. Brugte sundhedspersonalet et sprog, som var til at forstå (ikke fagsprog, men forståeligt dansk)?",NA,,1,0,0,,0,,NA,10.,10,35
s_167,s_167,Closed,Single,"11. Fik du samlet set den mundtlige og skriftlige information fra sygehuspersonalet, du havde behov for?",NA,,1,0,0,,0,,NA,11.,11,36
s_231,s_231_1,Closed,Multiple,12. Oplevede du én eller flere af følgende situationer? Sæt gerne flere kryds,1,Min behandling blev udsat eller aflyst,1,1,0,,0,,NA,12.,12,37
s_231,s_231_2,Closed,Multiple,12. Oplevede du én eller flere af følgende situationer? Sæt gerne flere kryds,2,Ventetiden til en behandling var meget lang og/eller behandlingsgarantien blev ikke overholdt,1,1,0,,0,,NA,12.,12,38
s_231,s_231_3,Closed,Multiple,12. Oplevede du én eller flere af følgende situationer? Sæt gerne flere kryds,3,Jeg blev fejlbehandlet (f.eks. forkert operation eller medicin),1,1,0,,0,,NA,12.,12,39
s_231,s_231_4,Closed,Multiple,12. Oplevede du én eller flere af følgende situationer? Sæt gerne flere kryds,4,"Der var fejl i min journal eller vigtig information om mit sygdomsforløb manglede (f.eks. journal, prøvesvar e.l.)",1,1,0,,0,,NA,12.,12,40
s_231,s_231_5,Closed,Multiple,12. Oplevede du én eller flere af følgende situationer? Sæt gerne flere kryds,5,Der opstod alvorlige komplikationer under/efter operation,1,1,0,,0,,NA,12.,12,41
s_231,s_231_6,Closed,Multiple,12. Oplevede du én eller flere af følgende situationer? Sæt gerne flere kryds,6,Andre fejl eller utilsigtede hændelser - skriv venligst,1,1,0,,0,,NA,12.,12,42
s_231,s_231_7,Closed,Multiple,12. Oplevede du én eller flere af følgende situationer? Sæt gerne flere kryds,7,"Nej, jeg har ikke oplevet fejl eller utilsigtede hændelser",1,1,0,,0,,NA,12.,12,43
s_232,s_232,Open,String,12. Oplevede du én eller flere af følgende situationer? Sæt gerne flere kryds - Andre fejl eller utilsigtede hændelser - skriv venligst,NA,,1,0,0,,0,,NA,12.,12,44
s_19,s_19,Closed,Single,Hos din praktiserende læge  13. Har du haft kontakt med din praktiserende læge i forbindelse med din hjertesygdom? ,NA,,1,0,0,,0,,NA,NA,,45
s_229,s_229,Closed,Single,"13.1 Synes du, at du fik den hjælp og støtte fra din praktiserende læge, som du havde brug for?",NA,,1,1,1,,0,,NA,13.1,13,46
s_230,s_230,Closed,Single,"13.2 Oplevede du, at din praktiserende læge var informeret om behandlingen for din hjertesygdom?",NA,,1,0,0,,0,,NA,13.2,13,47
s_52,s_52,Closed,Single,"14. Følte du dig informeret om følgende, uden at du selv skulle opsøge/finde informationen? Sæt ét kryds i hver linje - Hvilke undersøgelser og behandlingsforløb du skulle igennem",NA,,1,1,0,Hvilke undersøgelser og behandlingsforløb du skulle igennem,0,s_52,1,14.,14,48
s_52,s_53,Closed,Single,"14. Følte du dig informeret om følgende, uden at du selv skulle opsøge/finde informationen? Sæt ét kryds i hver linje - Hvad sygdommen kan betyde for din fremtid",NA,,1,1,0,Hvad sygdommen kan betyde for din fremtid,0,s_52,1,14.,14,49
s_52,s_184,Closed,Single,"14. Følte du dig informeret om følgende, uden at du selv skulle opsøge/finde informationen? Sæt ét kryds i hver linje - Hvilke fysiske symptomer/reaktioner, du kan opleve som følge af operation eller øvrig behandling af din hjertesygdom",NA,,1,1,0,"Hvilke fysiske symptomer/reaktioner, du kan opleve",0,s_52,1,14.,14,50
s_52,s_54,Closed,Single,"14. Følte du dig informeret om følgende, uden at du selv skulle opsøge/finde informationen? Sæt ét kryds i hver linje - Hvilke følelsesmæssige reaktioner (f.eks. symptomer på angst og depression), du kan opleve som følge af din hjertesygdom",NA,,1,1,0,"Hvilke følelsesmæssige reaktioner, du kan opleve",0,s_52,1,14.,14,51
s_52,s_186,Closed,Single,"14. Følte du dig informeret om følgende, uden at du selv skulle opsøge/finde informationen? Sæt ét kryds i hver linje - Hvilke følelsesmæssige reaktioner (f.eks. symptomer på angst og depression) dine pårørende kan opleve som følge af din hjertesygdom",NA,,1,1,0,"Hvilke følelsesmæssige reaktioner, dine pårørende kan opleve",0,s_52,1,14.,14,52
s_52,s_56,Closed,Single,"14. Følte du dig informeret om følgende, uden at du selv skulle opsøge/finde informationen? Sæt ét kryds i hver linje - Hvad sygdommen kan betyde for dit forhold til familie, venner m.fl.",NA,,1,1,0,"Hvad sygdommen kan betyde for dit forhold til familie, venner m.fl.",0,s_52,1,14.,14,53
s_52,s_233,Closed,Single,"14. Følte du dig informeret om følgende, uden at du selv skulle opsøge/finde informationen? (fortsat) Sæt ét kryds i hver linje - Hvad sygdommen kan betyde for dit sex- og samliv",NA,,1,1,0,Hvad sygdommen kan betyde for dit sex- og samliv,0,s_52,1,14.,14,54
s_52,s_234,Closed,Single,"14. Følte du dig informeret om følgende, uden at du selv skulle opsøge/finde informationen? (fortsat) Sæt ét kryds i hver linje - Hvad du selv kan gøre for at få det bedre f.eks. ved fysisk træning eller kost",NA,,1,1,0,Hvad du selv kan gøre for at få det bedre,0,s_52,1,14.,14,55
s_52,s_235,Closed,Single,"14. Følte du dig informeret om følgende, uden at du selv skulle opsøge/finde informationen? (fortsat) Sæt ét kryds i hver linje - Hvor du skal henvende dig i tilfælde af forværring af din sygdom",NA,,1,1,0,Hvor du skal henvende dig i tilfælde af forværring af din sygdom,0,s_52,1,14.,14,56
s_52,s_236,Closed,Single,"14. Følte du dig informeret om følgende, uden at du selv skulle opsøge/finde informationen? (fortsat) Sæt ét kryds i hver linje - Hvad du kan holde til rent fysisk",NA,,1,1,0,Hvad du kan holde til rent fysisk,0,s_52,1,14.,14,57
s_52,s_237,Closed,Single,"14. Følte du dig informeret om følgende, uden at du selv skulle opsøge/finde informationen? (fortsat) Sæt ét kryds i hver linje - Mulige årsager til din hjertesygdom",NA,,1,1,0,Mulige årsager til din hjertesygdom,0,s_52,1,14.,14,58
s_187,s_187,Closed,Single,"15. Havde du pårørende, som du kunne regne med ville hjælpe dig, hvis du havde behov for det? Det kan f.eks. være til følelsesmæssig støtte, praktisk hjælp eller til at holde styr på aftaler på sygehuset. ",NA,,1,0,0,,0,,NA,15.,15,59
s_238,s_238,Closed,Single,15.1 Gjorde personalet dig opmærksom på muligheden for at have din(e) pårørende med til samtaler?,NA,,1,1,1,,0,,NA,15.1,15,60
s_239,s_239,Closed,Single,15.2 Havde du pårørende med til samtaler eller behandling på sygehuset?,NA,,1,0,0,,0,,NA,15.2,15,61
s_66,s_66,Closed,Single,"15.2.1 Inddrog personalet din(e) pårørende, som du ønskede det? Her skelnes ikke mellem, om det var for lidt, for meget eller måden, de blev inddraget på.",NA,,1,1,1,,0,,NA,15.2.1,15,62
s_68,s_68,Closed,Single,"16. Følte du dig tryg ved den medicinske behandling, du fik for din hjertesygdom?",NA,,1,0,0,,0,,NA,16.,16,63
s_168,s_168,Closed,Single,"16.1 Blev du informeret om følgende, da du første gang fik medicinen ordineret? - Hvorfor du fik/får medicin for din hjertesygdom",NA,,1,1,0,Hvorfor du fik/får medicin,0,s_168,1,16.1,16,64
s_168,s_169,Closed,Single,"16.1 Blev du informeret om følgende, da du første gang fik medicinen ordineret? - Mulige bivirkninger af medicin for din hjertesygdom",NA,,1,1,0,Mulige bivirkninger af medicin,0,s_168,1,16.1,16,65
s_168,s_170,Closed,Single,"16.1 Blev du informeret om følgende, da du første gang fik medicinen ordineret? - Hvor lang tid du skal/skulle tage medicin for din hjertesygdom",NA,,1,1,0,Hvor lang tid du skal/skulle tage medicin,0,s_168,1,16.1,16,66
s_70,s_70,Closed,Single,"16.2 Oplevede du bivirkninger af den medicin, du fik for din hjertesygdom?",NA,,1,0,0,,0,,NA,16.2,16,67
s_72,s_72,Closed,Single,"16.2.1 Blev du taget alvorligt, da du henvendte dig til en læge på grund af bivirkninger?",NA,,1,0,0,,0,,NA,16.2.1,16,68
s_28,s_28,Closed,Single,"17. Fik du i forbindelse med din hjertesygdom følgende tilbud fra sygehuset, hos din praktiserende læge eller i din kommune? Sæt ét kryds i hver linje - Fysisk træning",NA,,1,1,0,Fysisk træning,1,s_28,1,17.,17,69
s_28,s_29,Closed,Single,"17. Fik du i forbindelse med din hjertesygdom følgende tilbud fra sygehuset, hos din praktiserende læge eller i din kommune? Sæt ét kryds i hver linje - Rådgivning om kost",NA,,1,1,0,Rådgivning om kost,1,s_28,1,17.,17,70
s_28,s_30,Closed,Single,"17. Fik du i forbindelse med din hjertesygdom følgende tilbud fra sygehuset, hos din praktiserende læge eller i din kommune? Sæt ét kryds i hver linje - Psykisk støtte (f.eks. terapeutforløb, mindfulness, henvisning til psykolog m.m.)",NA,,1,1,0,Psykisk støtte,1,s_28,1,17.,17,71
s_28,s_32,Closed,Single,"17. Fik du i forbindelse med din hjertesygdom følgende tilbud fra sygehuset, hos din praktiserende læge eller i din kommune? Sæt ét kryds i hver linje - Undervisning i din sygdom og dens behandling",NA,,1,1,0,Undervisning i din sygdom,1,s_28,1,17.,17,72
s_28,s_33,Closed,Single,"17. Fik du i forbindelse med din hjertesygdom følgende tilbud fra sygehuset, hos din praktiserende læge eller i din kommune? Sæt ét kryds i hver linje - Rådgivning om sex og samliv",NA,,1,1,0,Rådgivning om sex og samliv,1,s_28,1,17.,17,73
s_28,s_34,Closed,Single,"17. Fik du i forbindelse med din hjertesygdom følgende tilbud fra sygehuset, hos din praktiserende læge eller i din kommune? Sæt ét kryds i hver linje - Individuel samtale om medicin",NA,,1,1,0,Individuel samtale om medicin,1,s_28,1,17.,17,74
s_28,s_35,Closed,Single,"17. Fik du i forbindelse med din hjertesygdom følgende tilbud fra sygehuset, hos din praktiserende læge eller i din kommune? Sæt ét kryds i hver linje - Rådgivning om arbejdsmarkedstilknytning, beskæftigelse m.m.",NA,,1,1,0,Rådgivning om arbejdsmarkedstilknytning,1,s_28,1,17.,17,75
s_28,s_194,Closed,Single,"17. Fik du i forbindelse med din hjertesygdom følgende tilbud fra sygehuset, hos din praktiserende læge eller i din kommune? Sæt ét kryds i hver linje - Undervisning i de psykiske reaktioner på sygdommen",NA,,1,1,0,Undervisning i de psykiske reaktioner på sygdommen,1,s_28,1,17.,17,76
s_219,s_219,Closed,Single,17.1 Hvordan vil du vurdere kvaliteten af tilbuddene? Sæt ét kryds i hver linje - Fysisk træning?,NA,,1,1,0,Fysisk træning,0,s_219,1,17.1,17,77
s_219,s_220,Closed,Single,17.1 Hvordan vil du vurdere kvaliteten af tilbuddene? Sæt ét kryds i hver linje - Rådgivning om kost?,NA,,1,1,0,Rådgivning om kost,0,s_219,1,17.1,17,78
s_219,s_221,Closed,Single,"17.1 Hvordan vil du vurdere kvaliteten af tilbuddene? Sæt ét kryds i hver linje - Psykisk støtte (f.eks. terapeutforløb, mindfulness, henvisning til psykolog m.m.)?",NA,,1,1,0,Psykisk støtte,0,s_219,1,17.1,17,79
s_219,s_222,Closed,Single,17.1 Hvordan vil du vurdere kvaliteten af tilbuddene? Sæt ét kryds i hver linje - Undervisning i din sygdom og dens behandling?,NA,,1,1,0,Undervisning i din sygdom,0,s_219,1,17.1,17,80
s_219,s_223,Closed,Single,17.1 Hvordan vil du vurdere kvaliteten af tilbuddene? Sæt ét kryds i hver linje - Rådgivning om sex og samliv?,NA,,1,1,0,Rådgivning om sex og samliv,0,s_219,1,17.1,17,81
s_219,s_224,Closed,Single,17.1 Hvordan vil du vurdere kvaliteten af tilbuddene? Sæt ét kryds i hver linje - Individuel samtale om medicin?,NA,,1,1,0,Individuel samtale om medicin,0,s_219,1,17.1,17,82
s_219,s_225,Closed,Single,"17.1 Hvordan vil du vurdere kvaliteten af tilbuddene? Sæt ét kryds i hver linje - Rådgivning om arbejdsmarkedstilknytning, beskæftigelse m.m.?",NA,,1,1,0,Rådgivning om arbejdsmarkedstilknytning,1,s_219,1,17.1,17,83
s_219,s_226,Closed,Single,17.1 Hvordan vil du vurdere kvaliteten af tilbuddene? Sæt ét kryds i hver linje - Undervisning i de psykiske reaktioner på sygdommen?,NA,,1,1,0,Undervisning i de psykiske reaktioner på sygdommen,0,s_219,1,17.1,17,84
s_172,s_172_1,Closed,Multiple,"17.2 Hvis der var tilbud, som du ikke tog imod, hvorfor? Sæt gerne flere kryds",1,Jeg havde ikke behov for det,1,1,0,,0,,NA,17.2,17,85
s_172,s_172_2,Closed,Multiple,"17.2 Hvis der var tilbud, som du ikke tog imod, hvorfor? Sæt gerne flere kryds",2,Jeg havde ikke lyst,1,1,0,,0,,NA,17.2,17,86
s_172,s_172_3,Closed,Multiple,"17.2 Hvis der var tilbud, som du ikke tog imod, hvorfor? Sæt gerne flere kryds",3,Jeg ville hellere selv finde en måde at komme mig på,1,1,0,,0,,NA,17.2,17,87
s_172,s_172_4,Closed,Multiple,"17.2 Hvis der var tilbud, som du ikke tog imod, hvorfor? Sæt gerne flere kryds",4,Tidspunktet på dagen passede mig ikke,1,1,0,,0,,NA,17.2,17,88
s_172,s_172_5,Closed,Multiple,"17.2 Hvis der var tilbud, som du ikke tog imod, hvorfor? Sæt gerne flere kryds",5,På grund af transport og/eller økonomi,1,1,0,,0,,NA,17.2,17,89
s_172,s_172_6,Closed,Multiple,"17.2 Hvis der var tilbud, som du ikke tog imod, hvorfor? Sæt gerne flere kryds",6,"På grund af barrierer i forhold til sprog, religion/kultur o.l.",1,1,0,,0,,NA,17.2,17,90
s_172,s_172_7,Closed,Multiple,"17.2 Hvis der var tilbud, som du ikke tog imod, hvorfor? Sæt gerne flere kryds",7,Andre årsager - skriv venligst,1,1,0,,0,,NA,17.2,17,91
s_172,s_172_8,Closed,Multiple,"17.2 Hvis der var tilbud, som du ikke tog imod, hvorfor? Sæt gerne flere kryds",8,Ikke relevant,1,1,0,,0,,NA,17.2,17,92
s_15,s_15,Open,String,"17.2 Hvis der var tilbud, som du ikke tog imod, hvorfor? Sæt gerne flere kryds - Andre årsager - skriv venligst",NA,,1,0,0,,0,,NA,17.2,17,93
s_45,s_45,Closed,Single,"17.3 Hvis du modtog fysisk træning, hvor mange uger gik der cirka, fra du blev henvist, til du startede træningen?",NA,,1,0,0,,0,,NA,17.3,17,94
s_47,s_47,Closed,Single,"18. Røg du, da du fik din hjertesygdom?",NA,,1,1,0,,0,,NA,18.,18,95
s_203,s_203,Closed,Single,"18.1 Er du bekendt med, at der er markant større chance for at blive røgfri ved hjælp af rådgivning og rygestopmedicin?",NA,,1,1,0,,0,,NA,18.1,18,96
s_241,s_241,Closed,Single,"18.2 Blev du af personale på sygehus, hos egen læge eller i kommunen anbefalet at få rådgivning om rygestop i kommunen?",NA,,1,1,0,,0,,NA,18.2,18,97
s_49,s_49,Closed,Single,"19. Manglede du hjælp og støtte til at håndtere svære følelser, bekymringer eller følelsesmæssige problemer med din hjertesygdom?",NA,,1,1,1,,0,,NA,19.,19,98
s_205,s_205,Closed,Single,"20. Var du i arbejde, da du fik din hjertesygdom i 2018? Arbejde inkluderer her også deltidsarbejde, fleksjob, barsel m.v.",NA,,1,0,0,,1,,NA,20.,20,99
s_81,s_81_1,Closed,Multiple,20.1 Har din arbejdssituation ændret sig som følge af din hjertesygdom? Sæt gerne flere krydser,2,"Ja, jeg blev fyret",1,1,0,,1,,NA,20.1,20,100
s_81,s_81_2,Closed,Multiple,20.1 Har din arbejdssituation ændret sig som følge af din hjertesygdom? Sæt gerne flere krydser,12,"Ja, jeg har måttet stoppe med at arbejde i en periode",1,1,0,,1,,NA,20.1,20,101
s_81,s_81_3,Closed,Multiple,20.1 Har din arbejdssituation ændret sig som følge af din hjertesygdom? Sæt gerne flere krydser,4,"Ja, jeg er holdt op med at arbejde pga. min hjertesygdom",1,1,0,,1,,NA,20.1,20,102
s_81,s_81_4,Closed,Multiple,20.1 Har din arbejdssituation ændret sig som følge af din hjertesygdom? Sæt gerne flere krydser,5,"Ja, jeg har skiftet arbejde/karrierevej",1,1,0,,1,,NA,20.1,20,103
s_81,s_81_5,Closed,Multiple,20.1 Har din arbejdssituation ændret sig som følge af din hjertesygdom? Sæt gerne flere krydser,13,"Ja, jeg har valgt at gå ned i tid",1,1,0,,1,,NA,20.1,20,104
s_81,s_81_6,Closed,Multiple,20.1 Har din arbejdssituation ændret sig som følge af din hjertesygdom? Sæt gerne flere krydser,14,"Ja, jeg er kommet i fleksjob",1,1,0,,1,,NA,20.1,20,105
s_81,s_81_7,Closed,Multiple,20.1 Har din arbejdssituation ændret sig som følge af din hjertesygdom? Sæt gerne flere krydser,7,"Ja, den fysiske indretning af arbejdspladsen er blevet ændret/jeg har fået hjælpemidler",1,1,0,,1,,NA,20.1,20,106
s_81,s_81_8,Closed,Multiple,20.1 Har din arbejdssituation ændret sig som følge af din hjertesygdom? Sæt gerne flere krydser,8,"Ja, jeg har fået andre arbejdsopgaver end tidligere",1,1,0,,1,,NA,20.1,20,107
s_81,s_81_9,Closed,Multiple,20.1 Har din arbejdssituation ændret sig som følge af din hjertesygdom? Sæt gerne flere krydser,15,"Jeg er holdt op med at arbejde, men ikke pga. min hjertesygdom",1,1,0,,1,,NA,20.1,20,108
s_81,s_81_10,Closed,Multiple,20.1 Har din arbejdssituation ændret sig som følge af din hjertesygdom? Sæt gerne flere krydser,9,"Nej, min arbejdssituation er den samme",1,1,0,,1,,NA,20.1,20,109
s_81,s_81_11,Closed,Multiple,20.1 Har din arbejdssituation ændret sig som følge af din hjertesygdom? Sæt gerne flere krydser,10,Andet ? skriv venligst,1,0,0,,1,,NA,20.1,20,110
s_75,s_75,Open,String,20.1 Har din arbejdssituation ændret sig som følge af din hjertesygdom? Sæt gerne flere krydser - Andet ? skriv venligst,NA,,1,0,0,,1,,NA,20.1,20,111
s_206,s_206,Closed,Single,20.2 Har du været sygemeldt som følge af din hjertesygdom?,NA,,1,0,0,,1,,NA,20.2,20,112
s_242,s_242,Closed,Single,"20.2.1 Da du vendte tilbage i arbejde efter sygemeldingen, følte du dig da klar til det?",NA,,1,0,0,,1,,NA,20.2.1,20,113
s_84,s_84_1,Closed,Multiple,"20.2.2 Hvad var grunden(e) til, at du vendte tilbage til arbejdet på det tidspunkt, du gjorde? Sæt gerne flere kryds",1,"For at komme tilbage til den hverdag jeg havde, før jeg blev syg",1,1,0,,1,,NA,20.2.2,20,114
s_84,s_84_2,Closed,Multiple,"20.2.2 Hvad var grunden(e) til, at du vendte tilbage til arbejdet på det tidspunkt, du gjorde? Sæt gerne flere kryds",2,Jeg følte mig fysisk klar til at vende tilbage til arbejdet,1,1,0,,1,,NA,20.2.2,20,115
s_84,s_84_3,Closed,Multiple,"20.2.2 Hvad var grunden(e) til, at du vendte tilbage til arbejdet på det tidspunkt, du gjorde? Sæt gerne flere kryds",3,Jeg følte mig psykisk klar til at vende tilbage til arbejdet,1,1,0,,1,,NA,20.2.2,20,116
s_84,s_84_4,Closed,Multiple,"20.2.2 Hvad var grunden(e) til, at du vendte tilbage til arbejdet på det tidspunkt, du gjorde? Sæt gerne flere kryds",4,"Jeg havde behov for at føle, at jeg kunne bidrage og være til nytte",1,1,0,,1,,NA,20.2.2,20,117
s_84,s_84_5,Closed,Multiple,"20.2.2 Hvad var grunden(e) til, at du vendte tilbage til arbejdet på det tidspunkt, du gjorde? Sæt gerne flere kryds",5,For at få tankerne væk fra min hjertesygdom,1,1,0,,1,,NA,20.2.2,20,118
s_84,s_84_6,Closed,Multiple,"20.2.2 Hvad var grunden(e) til, at du vendte tilbage til arbejdet på det tidspunkt, du gjorde? Sæt gerne flere kryds",6,Jeg var bange for at miste mit arbejde,1,1,0,,1,,NA,20.2.2,20,119
s_84,s_84_7,Closed,Multiple,"20.2.2 Hvad var grunden(e) til, at du vendte tilbage til arbejdet på det tidspunkt, du gjorde? Sæt gerne flere kryds",7,"Jeg følte, at jeg var nødt til det",1,1,0,,1,,NA,20.2.2,20,120
s_84,s_84_8,Closed,Multiple,"20.2.2 Hvad var grunden(e) til, at du vendte tilbage til arbejdet på det tidspunkt, du gjorde? Sæt gerne flere kryds",8,Andet - skriv gerne:,1,0,0,,1,,NA,20.2.2,20,121
s_261,s_261,Open,String,"20.2.2 Hvad var grunden(e) til, at du vendte tilbage til arbejdet på det tidspunkt, du gjorde? Sæt gerne flere kryds - Andet - skriv gerne:",NA,,1,0,0,,1,,NA,20.2.2,20,122
s_85,s_85_1,Closed,Multiple,20.2.3 Har du følt dig presset til at vende tilbage til arbejde efter sygemelding? Sæt gerne flere krydser,1,"Ja, jeg har følt mig presset af jobcenteret (kommunen)",1,0,0,,1,,NA,20.2.3,20,123
s_85,s_85_2,Closed,Multiple,20.2.3 Har du følt dig presset til at vende tilbage til arbejde efter sygemelding? Sæt gerne flere krydser,2,"Ja, jeg har følt mig presset af min arbejdsgiver",1,0,0,,1,,NA,20.2.3,20,124
s_85,s_85_3,Closed,Multiple,20.2.3 Har du følt dig presset til at vende tilbage til arbejde efter sygemelding? Sæt gerne flere krydser,3,"Ja, jeg har følt mig presset af mine kolleger",1,0,0,,1,,NA,20.2.3,20,125
s_85,s_85_4,Closed,Multiple,20.2.3 Har du følt dig presset til at vende tilbage til arbejde efter sygemelding? Sæt gerne flere krydser,4,"Ja, jeg har følt mig presset af mine pårørende",1,0,0,,1,,NA,20.2.3,20,126
s_85,s_85_5,Closed,Multiple,20.2.3 Har du følt dig presset til at vende tilbage til arbejde efter sygemelding? Sæt gerne flere krydser,5,"Ja, jeg har følt mig presset af økonomiske årsager",1,0,0,,1,,NA,20.2.3,20,127
s_85,s_85_6,Closed,Multiple,20.2.3 Har du følt dig presset til at vende tilbage til arbejde efter sygemelding? Sæt gerne flere krydser,7,"Ja, jeg har følt mig presset af andre årsager, skriv gerne:",1,0,0,,1,,NA,20.2.3,20,128
s_85,s_85_7,Closed,Multiple,20.2.3 Har du følt dig presset til at vende tilbage til arbejde efter sygemelding? Sæt gerne flere krydser,8,"Nej, jeg har ikke følt mig presset",1,0,0,,1,,NA,20.2.3,20,129
s_80,s_80,Open,String,"20.2.3 Har du følt dig presset til at vende tilbage til arbejde efter sygemelding? Sæt gerne flere krydser - Ja, jeg har følt mig presset af andre årsager, skriv gerne:",NA,,1,0,0,,1,,NA,20.2.3,20,130
s_87,s_87,Closed,Single,"20.2.4 Har du i forbindelse med at vende tilbage til arbejdet haft brug for professionel rådgivning, fx fra en socialrådgiver, fagforening, jobkonsulent e.l.? ",NA,,1,0,0,,1,,NA,20.2.4,20,131
s_89,s_89,Closed,Single,20.2.5 Har din arbejdsgiver gjort noget for at hjælpe dig med at bevare din tilknytning til arbejdspladsen?,NA,,1,1,1,,1,,NA,20.2.5,20,132
s_94,s_94,Closed,Single,21. Har økonomien i din husstand ændret sig som følge af din hjertesygdom?,NA,,1,1,0,,0,,NA,21.,21,133
s_95,s_95,Closed,Single,22. Har du i forbindelse med din hjertesygdom oplevet problemer med at få tildelt følgende ydelser? Sæt ét kryds i hver linje - Sygedagpenge,NA,,1,0,0,,0,,NA,22.,22,134
s_96,s_96,Closed,Single,22. Har du i forbindelse med din hjertesygdom oplevet problemer med at få tildelt følgende ydelser? Sæt ét kryds i hver linje - Fleksjob,NA,,1,0,0,,0,,NA,22.,22,135
s_97,s_97,Closed,Single,22. Har du i forbindelse med din hjertesygdom oplevet problemer med at få tildelt følgende ydelser? Sæt ét kryds i hver linje - Førtidspension,NA,,1,0,0,,0,,NA,22.,22,136
s_98,s_98,Closed,Single,22. Har du i forbindelse med din hjertesygdom oplevet problemer med at få tildelt følgende ydelser? Sæt ét kryds i hver linje - Hjælpemidler,NA,,1,0,0,,0,,NA,22.,22,137
s_99,s_99,Closed,Single,22. Har du i forbindelse med din hjertesygdom oplevet problemer med at få tildelt følgende ydelser? Sæt ét kryds i hver linje - Hjemmehjælp,NA,,1,0,0,,0,,NA,22.,22,138
s_100,s_100,Closed,Single,22. Har du i forbindelse med din hjertesygdom oplevet problemer med at få tildelt følgende ydelser? Sæt ét kryds i hver linje - Tilskud til medicin,NA,,1,0,0,,0,,NA,22.,22,139
s_101,s_101,Closed,Single,22. Har du i forbindelse med din hjertesygdom oplevet problemer med at få tildelt følgende ydelser? Sæt ét kryds i hver linje - Tilskud til psykolog,NA,,1,0,0,,0,,NA,22.,22,140
s_102,s_102,Closed,Single,22. Har du i forbindelse med din hjertesygdom oplevet problemer med at få tildelt følgende ydelser? Sæt ét kryds i hver linje - Ansøgning om merudgifter på grund af nedsat fysisk/psykisk funktionsevne,NA,,1,0,0,,0,,NA,22.,22,141
s_207,s_207,Closed,Single,"22.1 Har du i forbindelse med ansøgning om én eller flere af førnævnte ydelser haft brug for professionel rådgivning f.eks. fra en socialrådgiver, din praktiserende læge eller patientforening?",NA,,1,0,0,,0,,NA,22.1,22,142
s_111,s_111,Closed,Single,23. Har det inden for de seneste fire uger voldt dig problemer at? Sæt ét kryds i hver linje  - Gå indendørs på jævnt underlag,NA,,1,0,0,,0,,NA,23.,23,143
s_112,s_112,Closed,Single,"23. Har det inden for de seneste fire uger voldt dig problemer at? Sæt ét kryds i hver linje  - Udføre havearbejde, støvsuge eller bære indkøbsposer",NA,,1,0,0,,0,,NA,23.,23,144
s_113,s_113,Closed,Single,23. Har det inden for de seneste fire uger voldt dig problemer at? Sæt ét kryds i hver linje  - Gå op ad en bakke eller trappe uden at stoppe,NA,,1,0,0,,0,,NA,23.,23,145
s_114,s_114,Closed,Single,23. Har det inden for de seneste fire uger voldt dig problemer at? Sæt ét kryds i hver linje  - Gå mere end 100 meter i raskt tempo,NA,,1,0,0,,0,,NA,23.,23,146
s_115,s_115,Closed,Single,23. Har det inden for de seneste fire uger voldt dig problemer at? Sæt ét kryds i hver linje  - Løfte eller flytte tunge genstande,NA,,1,0,0,,0,,NA,23.,23,147
s_116,s_116,Closed,Single,24. Har du haft følgende problemer inden for de seneste fire uger? Sæt ét kryds i hver linje  - Følt dig stakåndet (åndenød),NA,,1,0,0,,0,,NA,24.,24,148
s_117,s_117,Closed,Single,24. Har du haft følgende problemer inden for de seneste fire uger? Sæt ét kryds i hver linje  - Følt dig fysisk begrænset,NA,,1,0,0,,0,,NA,24.,24,149
s_118,s_118,Closed,Single,"24. Har du haft følgende problemer inden for de seneste fire uger? Sæt ét kryds i hver linje  - Følt dig træt, udmattet, med nedsat energi",NA,,1,0,0,,0,,NA,24.,24,150
s_119,s_119,Closed,Single,24. Har du haft følgende problemer inden for de seneste fire uger? Sæt ét kryds i hver linje  - Følt dig anspændt,NA,,1,0,0,,0,,NA,24.,24,151
s_120,s_120,Closed,Single,24. Har du haft følgende problemer inden for de seneste fire uger? Sæt ét kryds i hver linje  - Følt dig nedtrykt,NA,,1,0,0,,0,,NA,24.,24,152
s_121,s_121,Closed,Single,24. Har du haft følgende problemer inden for de seneste fire uger? Sæt ét kryds i hver linje  - Følt dig frustreret,NA,,1,0,0,,0,,NA,24.,24,153
s_122,s_122,Closed,Single,24. Har du haft følgende problemer inden for de seneste fire uger? Sæt ét kryds i hver linje  - Følt dig bekymret,NA,,1,0,0,,0,,NA,24.,24,154
s_123,s_123,Closed,Single,24. Har du haft følgende problemer inden for de seneste fire uger? Sæt ét kryds i hver linje  - Været begrænset i at udøve sport eller motion,NA,,1,0,0,,0,,NA,24.,24,155
s_124,s_124,Closed,Single,24. Har du haft følgende problemer inden for de seneste fire uger? Sæt ét kryds i hver linje  - Været begrænset i at udføre arbejde i huset eller i haven,NA,,1,0,0,,0,,NA,24.,24,156
s_125,s_125,Closed,Single,24. Har du haft følgende problemer inden for de seneste fire uger? Sæt ét kryds i hver linje  - Haft hjertebanken,NA,,1,0,0,,0,,NA,24.,24,157
s_126,s_126,Closed,Single,24. Har du haft følgende problemer inden for de seneste fire uger? Sæt ét kryds i hver linje  - Haft brystsmerter,NA,,1,0,0,,0,,NA,24.,24,158
s_262,s_26_1,Closed,Multiple,"25. Tager du nogen af følgende former for kosttilskud eller naturlægemidler? Sæt kryds ved det/de produkt(er), du tager. Hvis du ingen tager, sæt da kryds ved 'Nej, jeg tager ingen af ovenstående produkter'.",1,Calcium,1,1,0,,0,,NA,25.,25,159
s_262,s_26_2,Closed,Multiple,"25. Tager du nogen af følgende former for kosttilskud eller naturlægemidler? Sæt kryds ved det/de produkt(er), du tager. Hvis du ingen tager, sæt da kryds ved 'Nej, jeg tager ingen af ovenstående produkter'.",2,D-vitamin,1,1,0,,0,,NA,25.,25,160
s_262,s_26_3,Closed,Multiple,"25. Tager du nogen af følgende former for kosttilskud eller naturlægemidler? Sæt kryds ved det/de produkt(er), du tager. Hvis du ingen tager, sæt da kryds ved 'Nej, jeg tager ingen af ovenstående produkter'.",3,E-vitamin,1,1,0,,0,,NA,25.,25,161
s_262,s_26_4,Closed,Multiple,"25. Tager du nogen af følgende former for kosttilskud eller naturlægemidler? Sæt kryds ved det/de produkt(er), du tager. Hvis du ingen tager, sæt da kryds ved 'Nej, jeg tager ingen af ovenstående produkter'.",4,Efedrin,1,1,0,,0,,NA,25.,25,162
s_262,s_26_5,Closed,Multiple,"25. Tager du nogen af følgende former for kosttilskud eller naturlægemidler? Sæt kryds ved det/de produkt(er), du tager. Hvis du ingen tager, sæt da kryds ved 'Nej, jeg tager ingen af ovenstående produkter'.",5,Fibertilskud f.eks. HUSK/loppefrøskaller,1,1,0,,0,,NA,25.,25,163
s_262,s_26_6,Closed,Multiple,"25. Tager du nogen af følgende former for kosttilskud eller naturlægemidler? Sæt kryds ved det/de produkt(er), du tager. Hvis du ingen tager, sæt da kryds ved 'Nej, jeg tager ingen af ovenstående produkter'.",6,Fiskeolie,1,1,0,,0,,NA,25.,25,164
s_262,s_26_7,Closed,Multiple,"25. Tager du nogen af følgende former for kosttilskud eller naturlægemidler? Sæt kryds ved det/de produkt(er), du tager. Hvis du ingen tager, sæt da kryds ved 'Nej, jeg tager ingen af ovenstående produkter'.",7,Ginkgo biloba,1,1,0,,0,,NA,25.,25,165
s_262,s_26_8,Closed,Multiple,"25. Tager du nogen af følgende former for kosttilskud eller naturlægemidler? Sæt kryds ved det/de produkt(er), du tager. Hvis du ingen tager, sæt da kryds ved 'Nej, jeg tager ingen af ovenstående produkter'.",8,Ginseng,1,1,0,,0,,NA,25.,25,166
s_262,s_26_9,Closed,Multiple,"25. Tager du nogen af følgende former for kosttilskud eller naturlægemidler? Sæt kryds ved det/de produkt(er), du tager. Hvis du ingen tager, sæt da kryds ved 'Nej, jeg tager ingen af ovenstående produkter'.",9,Hvidløg,1,1,0,,0,,NA,25.,25,167
s_262,s_26_10,Closed,Multiple,"25. Tager du nogen af følgende former for kosttilskud eller naturlægemidler? Sæt kryds ved det/de produkt(er), du tager. Hvis du ingen tager, sæt da kryds ved 'Nej, jeg tager ingen af ovenstående produkter'.",10,Hvidtjørn,1,1,0,,0,,NA,25.,25,168
s_262,s_26_11,Closed,Multiple,"25. Tager du nogen af følgende former for kosttilskud eller naturlægemidler? Sæt kryds ved det/de produkt(er), du tager. Hvis du ingen tager, sæt da kryds ved 'Nej, jeg tager ingen af ovenstående produkter'.",11,Ingefær,1,1,0,,0,,NA,25.,25,169
s_262,s_26_12,Closed,Multiple,"25. Tager du nogen af følgende former for kosttilskud eller naturlægemidler? Sæt kryds ved det/de produkt(er), du tager. Hvis du ingen tager, sæt da kryds ved 'Nej, jeg tager ingen af ovenstående produkter'.",12,Jern,1,1,0,,0,,NA,25.,25,170
s_262,s_26_13,Closed,Multiple,"25. Tager du nogen af følgende former for kosttilskud eller naturlægemidler? Sæt kryds ved det/de produkt(er), du tager. Hvis du ingen tager, sæt da kryds ved 'Nej, jeg tager ingen af ovenstående produkter'.",13,K-vitamin,1,1,0,,0,,NA,25.,25,171
s_262,s_26_14,Closed,Multiple,"25. Tager du nogen af følgende former for kosttilskud eller naturlægemidler? Sæt kryds ved det/de produkt(er), du tager. Hvis du ingen tager, sæt da kryds ved 'Nej, jeg tager ingen af ovenstående produkter'.",14,L-carnitin,1,1,0,,0,,NA,25.,25,172
s_262,s_26_15,Closed,Multiple,"25. Tager du nogen af følgende former for kosttilskud eller naturlægemidler? Sæt kryds ved det/de produkt(er), du tager. Hvis du ingen tager, sæt da kryds ved 'Nej, jeg tager ingen af ovenstående produkter'.",15,Magnesium,1,1,0,,0,,NA,25.,25,173
s_262,s_26_16,Closed,Multiple,"25. Tager du nogen af følgende former for kosttilskud eller naturlægemidler? Sæt kryds ved det/de produkt(er), du tager. Hvis du ingen tager, sæt da kryds ved 'Nej, jeg tager ingen af ovenstående produkter'.",16,Multivitaminer,1,1,0,,0,,NA,25.,25,174
s_262,s_26_17,Closed,Multiple,"25. Tager du nogen af følgende former for kosttilskud eller naturlægemidler? Sæt kryds ved det/de produkt(er), du tager. Hvis du ingen tager, sæt da kryds ved 'Nej, jeg tager ingen af ovenstående produkter'.",17,Perikon/perikum/St. Johns Wort,1,1,0,,0,,NA,25.,25,175
s_262,s_26_18,Closed,Multiple,"25. Tager du nogen af følgende former for kosttilskud eller naturlægemidler? Sæt kryds ved det/de produkt(er), du tager. Hvis du ingen tager, sæt da kryds ved 'Nej, jeg tager ingen af ovenstående produkter'.",18,Q10,1,1,0,,0,,NA,25.,25,176
s_262,s_26_19,Closed,Multiple,"25. Tager du nogen af følgende former for kosttilskud eller naturlægemidler? Sæt kryds ved det/de produkt(er), du tager. Hvis du ingen tager, sæt da kryds ved 'Nej, jeg tager ingen af ovenstående produkter'.",19,Røde gærris,1,1,0,,0,,NA,25.,25,177
s_262,s_26_20,Closed,Multiple,"25. Tager du nogen af følgende former for kosttilskud eller naturlægemidler? Sæt kryds ved det/de produkt(er), du tager. Hvis du ingen tager, sæt da kryds ved 'Nej, jeg tager ingen af ovenstående produkter'.",20,Andet - skriv venligst:,1,1,0,,0,,NA,25.,25,178
s_262,s_26_21,Closed,Multiple,"25. Tager du nogen af følgende former for kosttilskud eller naturlægemidler? Sæt kryds ved det/de produkt(er), du tager. Hvis du ingen tager, sæt da kryds ved 'Nej, jeg tager ingen af ovenstående produkter'.",21,Jeg tager ingen af ovenstående produkter,1,1,0,,0,,NA,25.,25,179
s_265,s_265,Open,String,"25. Tager du nogen af følgende former for kosttilskud eller naturlægemidler? Sæt kryds ved det/de produkt(er), du tager. Hvis du ingen tager, sæt da kryds ved 'Nej, jeg tager ingen af ovenstående produkter'. - Andet - skriv venligst:",NA,,1,0,0,,0,,NA,25.,25,180
s_263,s_263_1,Closed,Multiple,25.1 Jeg tager produkterne af følgende årsager... Sæt gerne flere kryds,1,"For min sundhed - fx fordi jeg gerne vil undgå, at sygdommen udvikler sig",1,1,0,,0,,NA,25.1,25,181
s_263,s_263_2,Closed,Multiple,25.1 Jeg tager produkterne af følgende årsager... Sæt gerne flere kryds,2,For at få mindre lægeordineret medicin,1,1,0,,0,,NA,25.1,25,182
s_263,s_263_3,Closed,Multiple,25.1 Jeg tager produkterne af følgende årsager... Sæt gerne flere kryds,3,Som supplement til den øvrige behandling,1,1,0,,0,,NA,25.1,25,183
s_263,s_263_4,Closed,Multiple,25.1 Jeg tager produkterne af følgende årsager... Sæt gerne flere kryds,4,Som behandling eller lindring af anden sygdom fx gigt eller smerter,1,1,0,,0,,NA,25.1,25,184
s_263,s_263_5,Closed,Multiple,25.1 Jeg tager produkterne af følgende årsager... Sæt gerne flere kryds,5,Fordi kosttilskud og naturlægemidler ikke har bivirkninger,1,1,0,,0,,NA,25.1,25,185
s_263,s_263_6,Closed,Multiple,25.1 Jeg tager produkterne af følgende årsager... Sæt gerne flere kryds,6,"Fordi jeg har fået det anbefalet af en læge, tandlæge eller sygeplejerske",1,1,0,,0,,NA,25.1,25,186
s_263,s_263_7,Closed,Multiple,25.1 Jeg tager produkterne af følgende årsager... Sæt gerne flere kryds,7,"Fordi jeg har fået det anbefalet af familie, ven/veninde, kollega, nabo, en anden hjertepatient e.a.",1,1,0,,0,,NA,25.1,25,187
s_263,s_263_8,Closed,Multiple,25.1 Jeg tager produkterne af følgende årsager... Sæt gerne flere kryds,8,Andet,1,1,0,,0,,NA,25.1,25,188
s_3,s_3,Open,String,25.1 Jeg tager produkterne af følgende årsager... Sæt gerne flere kryds - Andet - skriv venligst:,NA,,1,0,0,,0,,NA,25.1,25,189
s_264,s_264_1,Closed,Multiple,"25.2 Har du talt med din egen læge eller hjertelægen om følgende i forbindelse med de kosttilskud eller naturlægemidler, du tager? Sæt kryds ved det, du har talt med lægen om",1,Hvilken virkning du gerne vil opnå med kosttilskuddene/naturlægemidlerne,1,1,0,,0,,NA,25.2,25,190
s_264,s_264_2,Closed,Multiple,"25.2 Har du talt med din egen læge eller hjertelægen om følgende i forbindelse med de kosttilskud eller naturlægemidler, du tager? Sæt kryds ved det, du har talt med lægen om",2,"Hvilke produkter og hvilken dosis, du med fordel kunne tage",1,1,0,,0,,NA,25.2,25,191
s_264,s_264_3,Closed,Multiple,"25.2 Har du talt med din egen læge eller hjertelægen om følgende i forbindelse med de kosttilskud eller naturlægemidler, du tager? Sæt kryds ved det, du har talt med lægen om",3,"Hvordan produkterne påvirker den lægeordinerede medicin, du eventuelt får",1,1,0,,0,,NA,25.2,25,192
s_264,s_264_4,Closed,Multiple,"25.2 Har du talt med din egen læge eller hjertelægen om følgende i forbindelse med de kosttilskud eller naturlægemidler, du tager? Sæt kryds ved det, du har talt med lægen om",4,Hvordan du skal forholde dig i tilfælde af operation,1,1,0,,0,,NA,25.2,25,193
s_264,s_264_5,Closed,Multiple,"25.2 Har du talt med din egen læge eller hjertelægen om følgende i forbindelse med de kosttilskud eller naturlægemidler, du tager? Sæt kryds ved det, du har talt med lægen om",5,Hvordan du indberetter eventuelle bivirkninger eller allergiske reaktioner,1,1,0,,0,,NA,25.2,25,194
s_264,s_264_6,Closed,Multiple,"25.2 Har du talt med din egen læge eller hjertelægen om følgende i forbindelse med de kosttilskud eller naturlægemidler, du tager? Sæt kryds ved det, du har talt med lægen om",6,"Nej, jeg har ikke talt med egen læge eller hjertelægen om kosttilskud/naturlægemidler",1,1,0,,0,,NA,25.2,25,195
s_130,s_130,Closed,Single,"26. Hvordan synes du, at dit helbred er alt i alt?",NA,,1,1,1,,0,,NA,26.,26,196
s_132,s_132,Closed,Single,Søvn  27. Hvor ofte inden for de seneste fire uger... Sæt ét kryds i hver linje - Er du vågnet flere gange og har haft svært ved at falde i søvn igen?,NA,,1,0,0,,0,,NA,NA,,197
s_133,s_133,Closed,Single,"Søvn  27. Hvor ofte inden for de seneste fire uger... Sæt ét kryds i hver linje - Har du følt, at du ikke var udhvilet, når du vågnede?",NA,,1,0,0,,0,,NA,NA,,198
s_134,s_134,Closed,Single,Søvn  27. Hvor ofte inden for de seneste fire uger... Sæt ét kryds i hver linje - Har du følt dig træt i løbet af dagen?,NA,,1,0,0,,0,,NA,NA,,199
s_248,s_248,Closed,Single,28. Er du i forbindelse med din hjertesygdom bekymret for følgende? Sæt ét kryds i hver linje - Ikke at få den rette behandling (f.eks. medicin),NA,,1,1,0,Ikke at få den rette behandling,0,s_248,1,28.,28,200
s_248,s_249,Closed,Single,28. Er du i forbindelse med din hjertesygdom bekymret for følgende? Sæt ét kryds i hver linje - Om din hjertesygdom forværres,NA,,1,1,0,Om din hjertesygdom forværres,0,s_248,1,28.,28,201
s_248,s_250,Closed,Single,28. Er du i forbindelse med din hjertesygdom bekymret for følgende? Sæt ét kryds i hver linje - At dine nærmeste bekymrer sig,NA,,1,1,0,At dine nærmeste bekymrer sig,0,s_248,1,28.,28,202
s_248,s_251,Closed,Single,28. Er du i forbindelse med din hjertesygdom bekymret for følgende? Sæt ét kryds i hver linje - At være en byrde for din familie,NA,,1,1,0,At være en byrde for din familie,0,s_248,1,28.,28,203
s_248,s_252,Closed,Single,28. Er du i forbindelse med din hjertesygdom bekymret for følgende? Sæt ét kryds i hver linje - Hvordan det skal gå din familie i fremtiden,NA,,1,1,0,Hvordan det skal gå din familie i fremtiden,0,s_248,1,28.,28,204
s_248,s_253,Closed,Single,28. Er du i forbindelse med din hjertesygdom bekymret for følgende? Sæt ét kryds i hver linje - Hvordan du får talt med dine nærmeste om din sygdom,NA,,1,1,0,Hvordan du får talt med dine nærmeste om din sygdom,0,s_248,1,28.,28,205
s_248,s_254,Closed,Single,28. Er du i forbindelse med din hjertesygdom bekymret for følgende? Sæt ét kryds i hver linje - Hvordan du skal komme tilbage på arbejde igen,NA,,1,1,0,Hvordan du skal komme tilbage på arbejde igen,0,s_248,1,28.,28,206
s_248,s_255,Closed,Single,28. Er du i forbindelse med din hjertesygdom bekymret for følgende? Sæt ét kryds i hver linje - Ikke at have nogen at snakke med,NA,,1,1,0,Ikke at have nogen at snakke med,0,s_248,1,28.,28,207
s_248,s_256,Closed,Single,28. Er du i forbindelse med din hjertesygdom bekymret for følgende? Sæt ét kryds i hver linje - Hvor længe du kan leve med din hjertesygdom,NA,,1,1,0,Hvor længe du kan leve med din hjertesygdom,0,s_248,1,28.,28,208
s_143,s_143,Closed,Single,"29. Hvor ofte sker det, at du? Sæt ét kryds i hver linje - Føler dig isoleret fra andre?",NA,,1,0,0,,0,,NA,29.,29,209
s_145,s_145,Closed,Single,"29. Hvor ofte sker det, at du? Sæt ét kryds i hver linje - Savner nogen at være sammen med?",NA,,1,0,0,,0,,NA,29.,29,210
s_144,s_144,Closed,Single,"29. Hvor ofte sker det, at du? Sæt ét kryds i hver linje - Føler dig holdt udenfor?",NA,,1,0,0,,0,,NA,29.,29,211
s_243,s_243,Closed,Single,30. I de seneste 2 uger... Sæt ét kryds i hver linje - Har jeg været glad og i godt humør,NA,,1,0,0,,0,,NA,30.,30,212
s_244,s_244,Closed,Single,30. I de seneste 2 uger... Sæt ét kryds i hver linje - Har jeg følt mig rolig og afslappet,NA,,1,0,0,,0,,NA,30.,30,213
s_245,s_245,Closed,Single,30. I de seneste 2 uger... Sæt ét kryds i hver linje - Har jeg følt mig aktiv og energisk,NA,,1,0,0,,0,,NA,30.,30,214
s_246,s_246,Closed,Single,30. I de seneste 2 uger... Sæt ét kryds i hver linje - Er jeg vågnet frisk og udhvilet,NA,,1,0,0,,0,,NA,30.,30,215
s_247,s_247,Closed,Single,"30. I de seneste 2 uger... Sæt ét kryds i hver linje - Har min dagligdag været fyldt med ting, der interesserer mig",NA,,1,0,0,,0,,NA,30.,30,216
s_257,s_257,Closed,Single,"31. Hvor stor en del af tiden i de seneste 2 uger har du... Sæt ét kryds i hver linje - Følt dig trist til mode, ked af det?",NA,,1,0,0,,0,,NA,31.,31,217
s_258,s_258,Closed,Single,31. Hvor stor en del af tiden i de seneste 2 uger har du... Sæt ét kryds i hver linje - Manglet interesse for dine daglige gøremål?,NA,,1,0,0,,0,,NA,31.,31,218
s_259,s_259,Closed,Single,"32. Hvor stor en del af tiden i de seneste 2 uger har du... Sæt ét kryds i hver linje - Været nervøs, anspændt eller følt indre uro?",NA,,1,0,0,,0,,NA,32.,32,219
s_260,s_260,Closed,Single,32. Hvor stor en del af tiden i de seneste 2 uger har du... Sæt ét kryds i hver linje - Været meget bekymret over selv de mindste ting i din dagligdag?,NA,,1,0,0,,0,,NA,32.,32,220
s_146,s_146,Closed,Single,33. Jeg har følt mig anspændt eller stresset,NA,,1,0,0,,0,,NA,33.,33,221
s_147,s_147,Closed,Single,"34. Jeg har fortsat fundet glæde ved det, jeg plejede at glæde mig over",NA,,1,0,0,,0,,NA,34.,34,222
s_148,s_148,Closed,Single,"35. Jeg har haft en slags forskrækket følelse, som om noget frygteligt var ved at ske",NA,,1,0,0,,0,,NA,35.,35,223
s_149,s_149,Closed,Single,36. Jeg har kunnet le og se det morsomme i mange ting,NA,,1,0,0,,0,,NA,36.,36,224
s_150,s_150,Closed,Single,"37. Jeg har haft bekymrende tanker, der er faret igennem hovedet på mig",NA,,1,0,0,,0,,NA,37.,37,225
s_151,s_151,Closed,Single,38. Jeg har følt mig i godt humør,NA,,1,0,0,,0,,NA,38.,38,226
s_152,s_152,Closed,Single,39. Jeg har kunnet sidde behageligt og føle mig afslappet,NA,,1,0,0,,0,,NA,39.,39,227
s_153,s_153,Closed,Single,"40. Jeg har følt det, som om jeg fungerede langsommere",NA,,1,0,0,,0,,NA,40.,40,228
s_154,s_154,Closed,Single,"41. Jeg har haft en slags forskrækket følelse, som om jeg havde \\sommerfulge\\ i maven",NA,,1,0,0,,0,,NA,41.,41,229
s_155,s_155,Closed,Single,42. Jeg har mistet interessen for mit udseende,NA,,1,0,0,,0,,NA,42.,42,230
s_156,s_156,Closed,Single,"43. Jeg har følt mig rastløs, som om jeg skulle bevæge mig hele tiden",NA,,1,0,0,,0,,NA,43.,43,231
s_157,s_157,Closed,Single,"44. Jeg har med glæde set frem til det, jeg skulle lave",NA,,1,0,0,,0,,NA,44.,44,232
s_158,s_158,Closed,Single,45. Jeg er pludselig blevet grebet af panik,NA,,1,0,0,,0,,NA,45.,45,233
s_159,s_159,Closed,Single,46. Jeg har kunnet glæde mig over en god bog eller et godt radio- eller TV-program,NA,,1,0,0,,0,,NA,46.,46,234
s_127,s_127,Closed,Single,47. Oplever du på grund af din hjertesygdom følgende?  Sæt ét kryds i hver linje - Manglende eller nedsat lyst til sex,NA,,1,1,0,Manglende eller nedsat lyst til sex,0,s_127,1,47.,47,235
s_127,s_129,Closed,Single,47. Oplever du på grund af din hjertesygdom følgende?  Sæt ét kryds i hver linje - Nervøsitet for at have sex,NA,,1,1,0,Nervøsitet for at have sex,0,s_127,1,47.,47,236
s_127,s_128,Closed,Single,"47. Oplever du på grund af din hjertesygdom følgende?  Sæt ét kryds i hver linje - Fysiske problemer i forhold til at have sex (f.eks. problemer med at få rejsning, manglende orgasmefølelse eller manglende evne til at blive fugtig)?",NA,,1,1,0,Fysiske problemer i forhold til at have sex,0,s_127,1,47.,47,237
s_266,s_266,Closed,Single,"48. Har du under corona-pandemien fået den nødvendige information, så du vidste, hvad du skulle gøre, i forhold til at beskytte dig mod smitte med corona-virus? F.eks. fra myndighederne, sundhedsvæsenet eller Hjerteforeningen.",NA,,1,1,1,,0,,NA,48.,48,238
s_267,s_267,Closed,Single,"49. Har du som følge af corona-pandemien fået udskudt behandling (indlæggelse, ambulant behandling, kontrol eller samtale) på hospital?",NA,,1,1,1,,0,,NA,49.,49,239
s_268,s_268,Closed,Single,50. I hvor høj grad oplever du følgende som følge af corona-pandemien? Sæt ét kryds i hver linje - Bekymringer som følge af corona-pandemien er begyndt at styre mit liv,NA,,1,1,0,Bekymringer er begyndt at styre mit liv,0,s_268,1,50.,50,240
s_268,s_269,Closed,Single,50. I hvor høj grad oplever du følgende som følge af corona-pandemien? Sæt ét kryds i hver linje - Jeg undgår nødvendig kontakt med læge eller sygehus,NA,,1,1,0,Jeg undgår nødvendig kontakt med læge eller sygehus,0,s_268,1,50.,50,241
s_268,s_270,Closed,Single,50. I hvor høj grad oplever du følgende som følge af corona-pandemien? Sæt ét kryds i hver linje - Mine bekymringer påvirker andre f.eks. partner eller børn,NA,,1,1,0,Mine bekymringer påvirker andre,0,s_268,1,50.,50,242
s_268,s_271,Closed,Single,50. I hvor høj grad oplever du følgende som følge af corona-pandemien? Sæt ét kryds i hver linje - Mine bekymringer påvirker min søvn og evnen til at fungere,NA,,1,1,0,Mine bekymringer påvirker min søvn og evnen til at fungere,0,s_268,1,50.,50,243
s_268,s_272,Closed,Single,"50. I hvor høj grad oplever du følgende som følge af corona-pandemien? Sæt ét kryds i hver linje - Mine bekymringer giver mig vedvarende fysiske symptomer f.eks. hjertebanken, åndenød, træthed, koncentrationsbesvær eller irritabilitet",NA,,1,1,0,w,0,s_268,1,50.,50,244
cpr,cpr,Open,String,cpr,NA,,0,0,,,,,NA,NA,,245
lobnr,lobnr,Open,Double,LOBNR,NA,,0,0,,,,,NA,NA,,246
statoverall,stato_1,Closed,Multiple,Samlet status,1,Ny,0,0,,,,,NA,NA,,247
statoverall,stato_2,Closed,Multiple,Samlet status,2,Distribueret,0,0,,,,,NA,NA,,248
statoverall,stato_3,Closed,Multiple,Samlet status,3,Nogen svar,0,0,,,,,NA,NA,,249
statoverall,stato_4,Closed,Multiple,Samlet status,4,Gennemført,0,0,,,,,NA,NA,,250
statoverall,stato_5,Closed,Multiple,Samlet status,5,Frafaldet,0,0,,,,,NA,NA,,251
t_ils_hi_score,t_ils_hi_score,NA,NA,t_ils_hi_score,NA,NA,1,1,1,NA,,NA,NA,51,,252
hads_anxiety,hads_anxiety,NA,NA,hads_anxiety,NA,NA,1,1,1,NA,,NA,NA,52,,253
hads_depression,hads_depression,NA,NA,hads_depression,NA,NA,1,1,1,NA,,NA,NA,53,,254
who5,who5,NA,NA,who5,NA,NA,1,1,1,NA,,NA,NA,54,,255
hq_score_physical,hq_score_physical,NA,NA,hq_score_physical,NA,NA,1,1,1,NA,,NA,NA,55,,256
hq_score_emotional,hq_score_emotional,NA,NA,hq_score_emotional,NA,NA,1,1,1,NA,,NA,NA,56,,257
